{
  "desktop": {
    "ms": 19258,
    "meshMs": 4390,
    "canvasCount": 1,
    "shirtLog": "[Shirt3D] product 2 verts 17487 bbox {\"min\":[-0.4811398684978485,-0.5,-0.28169509768486023],\"max\":[0.4811398684978485,0.4999999701976776,0.28169509768486023]}"
  },
  "mobile": {
    "ms": 17173,
    "meshMs": 4543,
    "canvasCount": 1,
    "shirtLog": "[Shirt3D] product 2 verts 17487 bbox {\"min\":[-0.4811398684978485,-0.5,-0.28169509768486023],\"max\":[0.4811398684978485,0.4999999701976776,0.28169509768486023]}"
  },
  "glbFetchSec": 0.012,
  "pageHttpSec": 0.25
}